,Link
0,/p/CNF5DLHhipm/
1,/p/CNDHfDwlr5T/
2,/p/CNS_W6TBF6u/
3,/p/CNczKeEn1qI/
4,/p/CMxGA8trKC_/
5,/p/CMj5K9FncfS/
6,/p/CNBacA2B7v3/
7,/p/CNO6Ycgl2ii/
8,/p/CNIhOCYs-kB/
9,/p/CNfeu40ApCB/
10,/p/CNfeKs6MKR_/
11,/p/CNfc-vtL7cu/
12,/p/CNfcvYJMVG1/
13,/p/CNfcgiZC6XV/
14,/p/CNfaRm6JYBP/
15,/p/CNfXsoQsi3w/
16,/p/CNfWsjvLdYn/
17,/p/CNfWoEalCX1/
18,/p/CNfWmLhHs9A/
19,/p/CNfWbZhB9vk/
20,/p/CNfWDDlMKmy/
21,/p/CNfR4QZjUma/
22,/p/CNfNu6TAUaX/
23,/p/CNfLX5pLG24/
24,/p/CNe4yhZpP9q/
25,/p/CNexxXYFTna/
26,/p/CNexqz5r1kN/
27,/p/CNexim2hIib/
28,/p/CNexWbqD8t9/
29,/p/CNewZDUDcXJ/
30,/p/CNeo1Qrrb9N/
31,/p/CNemm4SJYkm/
32,/p/CNemmBylgvZ/
33,/p/CNemNuWpi4k/
34,/p/CNehk3vhGmW/
35,/p/CNeckTQHP7q/
36,/p/CNea2-Ls-K8/
37,/p/CNeZ9nCHBDw/
38,/p/CNeX39DAziM/
39,/p/CNeWT1yI-O_/
40,/p/CNeTOfil-C-/
41,/p/CNeTDsOHrmr/
42,/p/CNeN1oDMfWj/
43,/p/CNeM37NpV8-/
44,/p/CNeMcxoASu9/
45,/p/CNeLuvOskDX/
46,/p/CNeF41WjM6N/
47,/p/CNeB6nmMpl4/
48,/p/CNeBbyWHQbS/
49,/p/CNd-eWMJTT1/
50,/p/CNd-Xq1pAzd/
51,/p/CNd87nBpj-a/
52,/p/CNd7qjwJWYE/
53,/p/CNd68aesmD9/
54,/p/CNd5vqHFSPi/
55,/p/CNd5bIeFNl6/
56,/p/CNd2tQmhisM/
57,/p/CNdygg_g4Wx/
58,/p/CNdw8StAb6n/
59,/p/CNdwUZqFooi/
60,/p/CNdvqoTD_Y0/
61,/p/CNdt8dBHDnA/
62,/p/CNdsYVZBhW_/
63,/p/CNdrtifBWgs/
64,/p/CNdqK23jIFh/
65,/p/CNdoczPHP-M/
66,/p/CNdnADYAORf/
67,/p/CNdmwy1AALc/
68,/p/CNdmeQvBtxr/
69,/p/CNdh0gdnDxd/
70,/p/CNdhRYGJbf2/
71,/p/CNdgqjJBkaX/
72,/p/CNdgjtqModA/
73,/p/CNdftMzLuxO/
74,/p/CNde0FCDenk/
75,/p/CNda9SZnesH/
76,/p/CNaCMgoLH0j/
77,/p/CDQZI4ihEDt/
